<?xml version="1.0" encoding="UTF-8"?>
<folder exportedWithPermissions="true">
    <parent>/organizations/organization_1/organizations/org_template</parent>
    <name>themes</name>
    <label>Themes</label>
    <description>themes</description>
    <creationDate>2018-04-26T15:29:31.738-07:00</creationDate>
    <updateDate>2018-04-26T15:29:30.426-07:00</updateDate>
    <folder>default</folder>
    <permission>
        <permissionMask>32</permissionMask>
        <recipient recipientType="role">ROLE_USER</recipient>
    </permission>
</folder>
