<?xml version="1.0" encoding="UTF-8"?>
<fileResource exportedWithPermissions="true" dataFile="OpenSans-Semibold-webfont.ttf.data">
    <folder>/organizations/organization_1/themes/default/jasper-ui/fonts</folder>
    <name>OpenSans-Semibold-webfont.ttf</name>
    <version>0</version>
    <label>OpenSans-Semibold-webfont.ttf</label>
    <creationDate>2018-04-26T15:29:22.388-07:00</creationDate>
    <updateDate>2018-04-26T15:29:22.388-07:00</updateDate>
    <fileType>font</fileType>
</fileResource>
