<?xml version="1.0" encoding="UTF-8"?>
<fileResource exportedWithPermissions="true" dataFile="ui-bg_glass_75_d0e5f5_1x400.png.data">
    <folder>/organizations/organization_1/themes/default/jquery-ui/images</folder>
    <name>ui-bg_glass_75_d0e5f5_1x400.png</name>
    <version>0</version>
    <label>ui-bg_glass_75_d0e5f5_1x400.png</label>
    <creationDate>2018-04-26T15:29:23.727-07:00</creationDate>
    <updateDate>2018-04-26T15:29:23.727-07:00</updateDate>
    <fileType>img</fileType>
</fileResource>
