<?xml version="1.0" encoding="UTF-8"?>
<fileResource exportedWithPermissions="true" dataFile="control_icons_sprite_vertical.png.data">
    <folder>/organizations/organization_1/themes/default/images</folder>
    <name>control_icons_sprite_vertical.png</name>
    <version>0</version>
    <label>control_icons_sprite_vertical.png</label>
    <creationDate>2018-04-26T15:29:19.594-07:00</creationDate>
    <updateDate>2018-04-26T15:29:19.594-07:00</updateDate>
    <fileType>img</fileType>
</fileResource>
